{
  "fields": {
    "name": { "type": "varchar", "required": true, "maxLength": 191 },
    "type": { "type": "enum", "options": ["BusinessService", "Application", "Database", "Server", "Network", "Storage", "Other"], "isSorted": true },
    "status": { "type": "enum", "options": ["Active", "Planned", "Retired", "Error"], "default": "Active", "displayAsLabel": true, "labelType": "state", "style": {"Active": "success", "Planned": "info", "Retired": "default", "Error": "danger"} },
    "environment": { "type": "enum", "options": ["Prod", "PreProd", "QA", "Dev", "Lab"], "isSorted": true },
    "description": { "type": "text" },
    "account": { "type": "link", "view": "views/fields/link" },
    "assignedUser": { "type": "link", "view": "views/fields/assigned-user" },
    "teams": { "type": "linkMultiple", "view": "views/fields/teams" },
    "parent": { "type": "link" },
    "createdAt": { "type": "datetime", "readOnly": true },
    "modifiedAt": { "type": "datetime", "readOnly": true },
    "createdBy": { "type": "link", "readOnly": true },
    "modifiedBy": { "type": "link", "readOnly": true }
  },
  "links": {
    "account": { "type": "belongsTo", "entity": "Account", "foreign": "jslCis" },
    "assignedUser": { "type": "belongsTo", "entity": "User" },
    "teams": { "type": "hasMany", "entity": "Team", "relationName": "entityTeam", "layoutRelationshipsDisabled": true },
    "createdBy": { "type": "belongsTo", "entity": "User" },
    "modifiedBy": { "type": "belongsTo", "entity": "User" },
    "parent": { "type": "belongsTo", "entity": "JSLCi", "foreign": "children" },
    "children": { "type": "hasMany", "entity": "JSLCi", "foreign": "parent" }
  },
  "indexes": {
    "name": { "columns": ["name", "deleted"] },
    "account": { "columns": ["accountId", "deleted"] },
    "type": { "columns": ["type", "deleted"] },
    "assignedUser": { "columns": ["assignedUserId", "deleted"] }
  },
  "collection": { "orderBy": "createdAt", "order": "desc", "textFilterFields": ["name", "type", "environment", "status"] }
}
