{
  "table": "srn_salary",
  "fields": {
    "employeeId": { "type": "foreignId", "required": true },
    "netAmount": { "type": "currency", "required": true },
    "monthsForward": { "type": "int", "default": 12 },
    "environment": { "type": "enum", "options": ["Production","Staging"], "default": "Production" },
    "scenario": { "type": "enum", "options": ["Real","Conservative","Realistic","Optimistic"], "default": "Real" },
    "startMonth": { "type": "date" }
  },
  "links": {
    "employee": { "type": "belongsTo", "entity": "SRNEmployee", "foreignKey": "employeeId" },
    "movements": { "type": "hasMany", "entity": "SRNFinancialMovement", "foreign": "salary" }
  },
  "indexes": {
    "IDX_EMPLOYEE": { "columns": ["employeeId"] }
  }
}